kegg_drug,drug_name,match_type,plant_ids,pubchem_cids,plant_names,plant_names_ar,atc_codes,atc_class,confidence,primary_drug_name,synonyms,plant_ids_list,plant_names_list,plant_names_ar_list,atc_codes_clean,atc_codes_list
D00064,l-Menthol (JP19); Levomenthol,partial,P13,,Mentha piperita,نعناع فلفلي,,,medium,l-Menthol,Levomenthol,['P13'],['Mentha piperita'],['نعناع فلفلي'],Unclassified,['Unclassified']
D00113,Atropine (USP); Atropen (TN),exact,P06,,Atropa belladonna,ست الحسن,A03BA01;S01FA01,الجهاز الهضمي والأيض;الحواس,high,Atropine,Atropen,"['P06', 'P08']","['Atropa belladonna', 'Datura stramonium']","['ست الحسن', 'داتورة']",A03BA01;S01FA01,"['A03BA01', 'S01FA01']"
D00113,Atropine (USP); Atropen (TN),exact,P08,,Datura stramonium,داتورة,A03BA01;S01FA01,الجهاز الهضمي والأيض;الحواس,high,Atropine,Atropen,"['P06', 'P08']","['Atropa belladonna', 'Datura stramonium']","['ست الحسن', 'داتورة']",A03BA01;S01FA01,"['A03BA01', 'S01FA01']"
D00138,Scopolamine (INN); Transderm scop (TN),exact,P07,,Hyoscyamus muticus,سكران مصري,A04AD01;N05CM05;S01FA02,الجهاز العصبي;الجهاز الهضمي والأيض;الحواس,high,Scopolamine,Transderm scop,"['P07', 'P08']","['Hyoscyamus muticus', 'Datura stramonium']","['سكران مصري', 'داتورة']",A04AD01;N05CM05;S01FA02,"['A04AD01', 'N05CM05', 'S01FA02']"
D00138,Scopolamine (INN); Transderm scop (TN),exact,P08,,Datura stramonium,داتورة,A04AD01;N05CM05;S01FA02,الجهاز العصبي;الجهاز الهضمي والأيض;الحواس,high,Scopolamine,Transderm scop,"['P07', 'P08']","['Hyoscyamus muticus', 'Datura stramonium']","['سكران مصري', 'داتورة']",A04AD01;N05CM05;S01FA02,"['A04AD01', 'N05CM05', 'S01FA02']"
D00139,Methoxsalen (JP19/USP); Oxsoralen (TN); UVADEX (TN),exact,P05,,Ammi majus,خلة شيطاني,D05AD02;D05BA02,الجلد,high,Methoxsalen,Oxsoralen; UVADEX,['P05'],['Ammi majus'],['خلة شيطاني'],D05AD02;D05BA02,"['D05AD02', 'D05BA02']"
D00147,Hyoscyamine (USP),exact,P06,,Atropa belladonna,ست الحسن,A03BA03,الجهاز الهضمي والأيض,high,Hyoscyamine,,['P06'],['Atropa belladonna'],['ست الحسن'],A03BA03,['A03BA03']
D00157,Glycyrrhizin (JAN); Glycyrrhizic acid,exact,P18,,Glycyrrhiza glabra,عرق سوس,A05BA08,الجهاز الهضمي والأيض,high,Glycyrrhizin,Glycyrrhizic acid,['P18'],['Glycyrrhiza glabra'],['عرق سوس'],A05BA08,['A05BA08']
D00195,Codeine (USP); Codeine hydrate,exact,P10,,Papaver somniferum,خشخاش منوم,R05DA04,الجهاز التنفسي,high,Codeine,Codeine hydrate,['P10'],['Papaver somniferum'],['خشخاش منوم'],R05DA04,['R05DA04']
D00297,Digitoxin (JAN/USP/INN); Crystodigin (TN),exact,P09,,Digitalis lanata,ديجيتال,C01AA04,القلب والأوعية,high,Digitoxin,Crystodigin,['P09'],['Digitalis lanata'],['ديجيتال'],C01AA04,['C01AA04']
D00298,Digoxin (JP19/USP); Lanoxicaps (TN); Lanoxin (TN),exact,P09,,Digitalis lanata,ديجيتال,C01AA05,القلب والأوعية,high,Digoxin,Lanoxicaps; Lanoxin,['P09'],['Digitalis lanata'],['ديجيتال'],C01AA05,['C01AA05']
D00301,Atropine sulfate and diphenoxylate hydrochloride; Diphenoxylate and atropine; Lomotil (TN),partial,P06,,Atropa belladonna,ست الحسن,,,medium,Atropine sulfate and diphenoxylate hydrochloride,Diphenoxylate and atropine; Lomotil,"['P06', 'P08']","['Atropa belladonna', 'Datura stramonium']","['ست الحسن', 'داتورة']",Unclassified,['Unclassified']
D00301,Atropine sulfate and diphenoxylate hydrochloride; Diphenoxylate and atropine; Lomotil (TN),partial,P08,,Datura stramonium,داتورة,,,medium,Atropine sulfate and diphenoxylate hydrochloride,Diphenoxylate and atropine; Lomotil,"['P06', 'P08']","['Atropa belladonna', 'Datura stramonium']","['ست الحسن', 'داتورة']",Unclassified,['Unclassified']
D00715,Methscopolamine bromide (USP); Hyoscine methobromide (INN); Pamine (TN),partial,P07,,Hyoscyamus muticus,سكران مصري,,,medium,Methscopolamine bromide,Hyoscine methobromide; Pamine,"['P07', 'P08']","['Hyoscyamus muticus', 'Datura stramonium']","['سكران مصري', 'داتورة']",Unclassified,['Unclassified']
D00715,Methscopolamine bromide (USP); Hyoscine methobromide (INN); Pamine (TN),partial,P08,,Datura stramonium,داتورة,,,medium,Methscopolamine bromide,Hyoscine methobromide; Pamine,"['P07', 'P08']","['Hyoscyamus muticus', 'Datura stramonium']","['سكران مصري', 'داتورة']",Unclassified,['Unclassified']
D00719,Hyoscyamine sulfate (USP); Hyoscyamine sulfate dihydrate; Egacene (TN),exact,P06,,Atropa belladonna,ست الحسن,A03BA03,الجهاز الهضمي والأيض,high,Hyoscyamine sulfate,Hyoscyamine sulfate dihydrate; Egacene,['P06'],['Atropa belladonna'],['ست الحسن'],A03BA03,['A03BA03']
D00842,Morphine sulfate (USP); Morphine sulfate hydrate (JP19); Morphine sulfate pentahydrate; Astramor PH (TN); Avinza (TN); Depodur (TN); Kadian (TN); MS contin (TN),exact,P10,,Papaver somniferum,خشخاش منوم,N02AA01,الجهاز العصبي,high,Morphine sulfate,Morphine sulfate hydrate; Morphine sulfate pentahydrate; Astramor PH; Avinza; Depodur; Kadian; MS contin,['P10'],['Papaver somniferum'],['خشخاش منوم'],N02AA01,['N02AA01']
D01004,Homatropine hydrobromide (JP19/USP); Isopto homatropine (TN),partial,P06,,Atropa belladonna,ست الحسن,S01FA05,الحواس,medium,Homatropine hydrobromide,Isopto homatropine,"['P06', 'P08']","['Atropa belladonna', 'Datura stramonium']","['ست الحسن', 'داتورة']",S01FA05,['S01FA05']
D01004,Homatropine hydrobromide (JP19/USP); Isopto homatropine (TN),partial,P08,,Datura stramonium,داتورة,S01FA05,الحواس,medium,Homatropine hydrobromide,Isopto homatropine,"['P06', 'P08']","['Atropa belladonna', 'Datura stramonium']","['ست الحسن', 'داتورة']",S01FA05,['S01FA05']
D01068,Vinblastine sulfate (JP19/USP); Exal (TN); Velban (TN),exact,P01,,Catharanthus roseus,ونكة مدغشقرية,L01CA01,الأورام والمناعة,high,Vinblastine sulfate,Exal; Velban,['P01'],['Catharanthus roseus'],['ونكة مدغشقرية'],L01CA01,['L01CA01']
D01077,Methylatropine nitrate (USAN); Atropine methonitrate (JAN/INN); Ekomine (TN),partial,P06,,Atropa belladonna,ست الحسن,A03BB02,الجهاز الهضمي والأيض,low,Methylatropine nitrate,Atropine methonitrate; Ekomine,"['P06', 'P08']","['Atropa belladonna', 'Datura stramonium']","['ست الحسن', 'داتورة']",A03BB02,['A03BB02']
D01077,Methylatropine nitrate (USAN); Atropine methonitrate (JAN/INN); Ekomine (TN),partial,P08,,Datura stramonium,داتورة,A03BB02,الجهاز الهضمي والأيض,low,Methylatropine nitrate,Atropine methonitrate; Ekomine,"['P06', 'P08']","['Atropa belladonna', 'Datura stramonium']","['ست الحسن', 'داتورة']",A03BB02,['A03BB02']
D01451,Scopolamine butylbromide (JP19); Butylscopolamine bromide; Buscopan (TN),partial,P07,,Hyoscyamus muticus,سكران مصري,A03BB01,الجهاز الهضمي والأيض,medium,Scopolamine butylbromide,Butylscopolamine bromide; Buscopan,"['P07', 'P08']","['Hyoscyamus muticus', 'Datura stramonium']","['سكران مصري', 'داتورة']",A03BB01,['A03BB01']
D01451,Scopolamine butylbromide (JP19); Butylscopolamine bromide; Buscopan (TN),partial,P08,,Datura stramonium,داتورة,A03BB01,الجهاز الهضمي والأيض,medium,Scopolamine butylbromide,Butylscopolamine bromide; Buscopan,"['P07', 'P08']","['Hyoscyamus muticus', 'Datura stramonium']","['سكران مصري', 'داتورة']",A03BB01,['A03BB01']
D01481,Dihydrocodeine phosphate (JP19); Dihydro (TN),partial,P10,,Papaver somniferum,خشخاش منوم,N02AA08,الجهاز العصبي,low,Dihydrocodeine phosphate,Dihydro,['P10'],['Papaver somniferum'],['خشخاش منوم'],N02AA08,['N02AA08']
D01648,Hyoscyamine methylbromide (JAN),partial,P06,,Atropa belladonna,ست الحسن,A03BA03,الجهاز الهضمي والأيض,low,Hyoscyamine methylbromide,,['P06'],['Atropa belladonna'],['ست الحسن'],A03BA03,['A03BA03']
D01656,Brovincamine fumarate (JAN); Sabromin (TN),partial,P02,,Vinca minor,ونكة صغرى,,,medium,Brovincamine fumarate,Sabromin,['P02'],['Vinca minor'],['ونكة صغرى'],Unclassified,['Unclassified']
D01976,N-Methylscopolamine methylsulfate (JAN); Daipin (TN),partial,P07,,Hyoscyamus muticus,سكران مصري,A03BB03;S01FA03,الجهاز الهضمي والأيض;الحواس,low,N-Methylscopolamine methylsulfate,Daipin,"['P07', 'P08']","['Hyoscyamus muticus', 'Datura stramonium']","['سكران مصري', 'داتورة']",A03BB03;S01FA03,"['A03BB03', 'S01FA03']"
D01976,N-Methylscopolamine methylsulfate (JAN); Daipin (TN),partial,P08,,Datura stramonium,داتورة,A03BB03;S01FA03,الجهاز الهضمي والأيض;الحواس,low,N-Methylscopolamine methylsulfate,Daipin,"['P07', 'P08']","['Hyoscyamus muticus', 'Datura stramonium']","['سكران مصري', 'داتورة']",A03BB03;S01FA03,"['A03BB03', 'S01FA03']"
D02004,Apomorphine hydrochloride (USP); Apomorphine hydrochloride hydrate (JAN); Apokyn (TN); Ixense (TN); Uprima (TN),partial,P10,,Papaver somniferum,خشخاش منوم,G04BE07;N04BC07,الجهاز البولي التناسلي;الجهاز العصبي,medium,Apomorphine hydrochloride,Apomorphine hydrochloride hydrate; Apokyn; Ixense; Uprima,['P10'],['Papaver somniferum'],['خشخاش منوم'],G04BE07;N04BC07,"['G04BE07', 'N04BC07']"
D02028,Diammonium glycyrrhizinate (JAN),partial,P18,,Glycyrrhiza glabra,عرق سوس,,,medium,Diammonium glycyrrhizinate,,['P18'],['Glycyrrhiza glabra'],['عرق سوس'],Unclassified,['Unclassified']
D02069,Atropine sulfate (JP19/USP); Ryjusea (TN),exact,P06,,Atropa belladonna,ست الحسن,A03BA01;S01FA01,الجهاز الهضمي والأيض;الحواس,high,Atropine sulfate,Ryjusea,"['P06', 'P08']","['Atropa belladonna', 'Datura stramonium']","['ست الحسن', 'داتورة']",A03BA01;S01FA01,"['A03BA01', 'S01FA01']"
D02069,Atropine sulfate (JP19/USP); Ryjusea (TN),exact,P08,,Datura stramonium,داتورة,A03BA01;S01FA01,الجهاز الهضمي والأيض;الحواس,high,Atropine sulfate,Ryjusea,"['P06', 'P08']","['Atropa belladonna', 'Datura stramonium']","['ست الحسن', 'داتورة']",A03BA01;S01FA01,"['A03BA01', 'S01FA01']"
D02070,Homatropine methylbromide (USP); Equipin (TN),partial,P06,,Atropa belladonna,ست الحسن,A03BB06;S01FA05,الجهاز الهضمي والأيض;الحواس,low,Homatropine methylbromide,Equipin,"['P06', 'P08']","['Atropa belladonna', 'Datura stramonium']","['ست الحسن', 'داتورة']",A03BB06;S01FA05,"['A03BB06', 'S01FA05']"
D02070,Homatropine methylbromide (USP); Equipin (TN),partial,P08,,Datura stramonium,داتورة,A03BB06;S01FA05,الجهاز الهضمي والأيض;الحواس,low,Homatropine methylbromide,Equipin,"['P06', 'P08']","['Atropa belladonna', 'Datura stramonium']","['ست الحسن', 'داتورة']",A03BB06;S01FA05,"['A03BB06', 'S01FA05']"
D02071,Scopolamine hydrobromide (USP); Scopolamine hydrobromide hydrate (JP19); Scopolamine hydrobromide trihydrate; Hysco (TN); Isopto hyoscine (TN),exact,P07,,Hyoscyamus muticus,سكران مصري,A04AD01;N05CM05;S01FA02,الجهاز العصبي;الجهاز الهضمي والأيض;الحواس,high,Scopolamine hydrobromide,Scopolamine hydrobromide hydrate; Scopolamine hydrobromide trihydrate; Hysco; Isopto hyoscine,"['P07', 'P08']","['Hyoscyamus muticus', 'Datura stramonium']","['سكران مصري', 'داتورة']",A04AD01;N05CM05;S01FA02,"['A04AD01', 'N05CM05', 'S01FA02']"
D02071,Scopolamine hydrobromide (USP); Scopolamine hydrobromide hydrate (JP19); Scopolamine hydrobromide trihydrate; Hysco (TN); Isopto hyoscine (TN),exact,P08,,Datura stramonium,داتورة,A04AD01;N05CM05;S01FA02,الجهاز العصبي;الجهاز الهضمي والأيض;الحواس,high,Scopolamine hydrobromide,Scopolamine hydrobromide hydrate; Scopolamine hydrobromide trihydrate; Hysco; Isopto hyoscine,"['P07', 'P08']","['Hyoscyamus muticus', 'Datura stramonium']","['سكران مصري', 'داتورة']",A04AD01;N05CM05;S01FA02,"['A04AD01', 'N05CM05', 'S01FA02']"
D02101,Codeine phosphate (USP); Codeine phosphate hydrate (JP19),exact,P10,,Papaver somniferum,خشخاش منوم,R05DA04,الجهاز التنفسي,high,Codeine phosphate,Codeine phosphate hydrate,['P10'],['Papaver somniferum'],['خشخاش منوم'],R05DA04,['R05DA04']
D02128,Difenoxin hydrochloride and atropine sulfate; Motofen (TN),partial,P06,,Atropa belladonna,ست الحسن,,,medium,Difenoxin hydrochloride and atropine sulfate,Motofen,"['P06', 'P08']","['Atropa belladonna', 'Datura stramonium']","['ست الحسن', 'داتورة']",Unclassified,['Unclassified']
D02128,Difenoxin hydrochloride and atropine sulfate; Motofen (TN),partial,P08,,Datura stramonium,داتورة,,,medium,Difenoxin hydrochloride and atropine sulfate,Motofen,"['P06', 'P08']","['Atropa belladonna', 'Datura stramonium']","['ست الحسن', 'داتورة']",Unclassified,['Unclassified']
D02146,Acetaminophen and codeine phosphate; Tylenol w/codeine (TN),partial,P10,,Papaver somniferum,خشخاش منوم,N02AJ06,الجهاز العصبي,medium,Acetaminophen and codeine phosphate,Tylenol w/codeine,['P10'],['Papaver somniferum'],['خشخاش منوم'],N02AJ06,['N02AJ06']
D02197,Vincristine sulfate (JP19/USP); VCR; Marqibo (TN); Oncovin (TN); Vincasar (TN); Vincrex (TN),exact,P01,,Catharanthus roseus,ونكة مدغشقرية,L01CA02,الأورام والمناعة,high,Vincristine sulfate,VCR; Marqibo; Oncovin; Vincasar; Vincrex,['P01'],['Catharanthus roseus'],['ونكة مدغشقرية'],L01CA02,['L01CA02']
D02205,Ethylmorphine hydrochloride hydrate (JP19); Ethylmorphine hydrochloride dihydrate,partial,P10,,Papaver somniferum,خشخاش منوم,R05DA01;S01XA06,الجهاز التنفسي;الحواس,low,Ethylmorphine hydrochloride hydrate,Ethylmorphine hydrochloride dihydrate,['P10'],['Papaver somniferum'],['خشخاش منوم'],R05DA01;S01XA06,"['R05DA01', 'S01XA06']"
D02264,Dipotassium glycyrrhizinate (JAN); Glycyrrhizinate dipotassium; Neubormitin (TN),partial,P18,,Glycyrrhiza glabra,عرق سوس,,,medium,Dipotassium glycyrrhizinate,Glycyrrhizinate dipotassium; Neubormitin,['P18'],['Glycyrrhiza glabra'],['عرق سوس'],Unclassified,['Unclassified']
D02271,Morphine hydrochloride hydrate (JP19); Morphine hydrochloride trihydrate; Anpec (TN),exact,P10,,Papaver somniferum,خشخاش منوم,N02AA01,الجهاز العصبي,high,Morphine hydrochloride hydrate,Morphine hydrochloride trihydrate; Anpec,['P10'],['Papaver somniferum'],['خشخاش منوم'],N02AA01,['N02AA01']
D02273,"Isoproterenol sulfate, dexamethasone and atropine methybromide; Stmerin D (TN)",partial,P06,,Atropa belladonna,ست الحسن,,,medium,"Isoproterenol sulfate, dexamethasone and atropine methybromide",Stmerin D,"['P06', 'P08']","['Atropa belladonna', 'Datura stramonium']","['ست الحسن', 'داتورة']",Unclassified,['Unclassified']
D02273,"Isoproterenol sulfate, dexamethasone and atropine methybromide; Stmerin D (TN)",partial,P08,,Datura stramonium,داتورة,,,medium,"Isoproterenol sulfate, dexamethasone and atropine methybromide",Stmerin D,"['P06', 'P08']","['Atropa belladonna', 'Datura stramonium']","['ست الحسن', 'داتورة']",Unclassified,['Unclassified']
D02377,Anethole (NF),exact,P14,,Foeniculum vulgare,شمر,,,high,Anethole,,['P14'],['Foeniculum vulgare'],['شمر'],Unclassified,['Unclassified']
D02481,Artemisinin (INN); Qing Hau Sau,exact,P11,,Artemisia annua,الشيح الحولي,P01BE01,الطفيليات,high,Artemisinin,Qing Hau Sau,['P11'],['Artemisia annua'],['الشيح الحولي'],P01BE01,['P01BE01']
D02587,Metildigoxin (JP19); Lanirapid (TN),partial,P09,,Digitalis lanata,ديجيتال,C01AA08,القلب والأوعية,medium,Metildigoxin,Lanirapid,['P09'],['Digitalis lanata'],['ديجيتال'],C01AA08,['C01AA08']
D02781,Acemannan (USAN/INN); Carrisyn (TN),exact,P16,,Aloe vera,صبار / الوة,,,high,Acemannan,Carrisyn,['P16'],['Aloe vera'],['صبار / الوة'],Unclassified,['Unclassified']
D03011,Atropine oxide hydrochloride (USAN); Genatropine hydrochloride,partial,P06,,Atropa belladonna,ست الحسن,,,medium,Atropine oxide hydrochloride,Genatropine hydrochloride,"['P06', 'P08']","['Atropa belladonna', 'Datura stramonium']","['ست الحسن', 'داتورة']",Unclassified,['Unclassified']
D03011,Atropine oxide hydrochloride (USAN); Genatropine hydrochloride,partial,P08,,Datura stramonium,داتورة,,,medium,Atropine oxide hydrochloride,Genatropine hydrochloride,"['P06', 'P08']","['Atropa belladonna', 'Datura stramonium']","['ست الحسن', 'داتورة']",Unclassified,['Unclassified']
D03579,Codeine polistirex (USAN),partial,P10,,Papaver somniferum,خشخاش منوم,R05DA04,الجهاز التنفسي,low,Codeine polistirex,,['P10'],['Papaver somniferum'],['خشخاش منوم'],R05DA04,['R05DA04']
D03580,Codeine sulfate (USP); Codeine sulfate trihydrate,exact,P10,,Papaver somniferum,خشخاش منوم,R05DA04,الجهاز التنفسي,high,Codeine sulfate,Codeine sulfate trihydrate,['P10'],['Papaver somniferum'],['خشخاش منوم'],R05DA04,['R05DA04']
D03814,Atropine methylbromide (JAN),partial,P06,,Atropa belladonna,ست الحسن,A03BB02,الجهاز الهضمي والأيض,low,Atropine methylbromide,,"['P06', 'P08']","['Atropa belladonna', 'Datura stramonium']","['ست الحسن', 'داتورة']",A03BB02,['A03BB02']
D03814,Atropine methylbromide (JAN),partial,P08,,Datura stramonium,داتورة,A03BB02,الجهاز الهضمي والأيض,low,Atropine methylbromide,,"['P06', 'P08']","['Atropa belladonna', 'Datura stramonium']","['ست الحسن', 'داتورة']",A03BB02,['A03BB02']
D03825,Dihydrocodeine bitartrate (USP),partial,P10,,Papaver somniferum,خشخاش منوم,N02AA08,الجهاز العصبي,low,Dihydrocodeine bitartrate,,['P10'],['Papaver somniferum'],['خشخاش منوم'],N02AA08,['N02AA08']
D03863,Opium alkaloids and atropine (JP19); Opium alkaloids hydrochloride and atropine sulfate hydrate; Opiato (TN),partial,P06,,Atropa belladonna,ست الحسن,,,medium,Opium alkaloids and atropine,Opium alkaloids hydrochloride and atropine sulfate hydrate; Opiato,"['P06', 'P08']","['Atropa belladonna', 'Datura stramonium']","['ست الحسن', 'داتورة']",Unclassified,['Unclassified']
D03863,Opium alkaloids and atropine (JP19); Opium alkaloids hydrochloride and atropine sulfate hydrate; Opiato (TN),partial,P08,,Datura stramonium,داتورة,,,medium,Opium alkaloids and atropine,Opium alkaloids hydrochloride and atropine sulfate hydrate; Opiato,"['P06', 'P08']","['Atropa belladonna', 'Datura stramonium']","['ست الحسن', 'داتورة']",Unclassified,['Unclassified']
D03866,Opium alkaloids and scopolamine (JP19); Weak opium alkaloids and scopolamine (JP19); Opium alkaloids hydrochloride and scopolamine hydrobromide hydrate; Opisco (TN),partial,P07,,Hyoscyamus muticus,سكران مصري,,,medium,Opium alkaloids and scopolamine,Weak opium alkaloids and scopolamine; Opium alkaloids hydrochloride and scopolamine hydrobromide hydrate; Opisco,"['P07', 'P08']","['Hyoscyamus muticus', 'Datura stramonium']","['سكران مصري', 'داتورة']",Unclassified,['Unclassified']
D03866,Opium alkaloids and scopolamine (JP19); Weak opium alkaloids and scopolamine (JP19); Opium alkaloids hydrochloride and scopolamine hydrobromide hydrate; Opisco (TN),partial,P08,,Datura stramonium,داتورة,,,medium,Opium alkaloids and scopolamine,Weak opium alkaloids and scopolamine; Opium alkaloids hydrochloride and scopolamine hydrobromide hydrate; Opisco,"['P07', 'P08']","['Hyoscyamus muticus', 'Datura stramonium']","['سكران مصري', 'داتورة']",Unclassified,['Unclassified']
D03872,Compound oxycodone and atropine (JP19); Pavinal atropine (TN),partial,P06,,Atropa belladonna,ست الحسن,,,medium,Compound oxycodone and atropine,Pavinal atropine,"['P06', 'P08']","['Atropa belladonna', 'Datura stramonium']","['ست الحسن', 'داتورة']",Unclassified,['Unclassified']
D03872,Compound oxycodone and atropine (JP19); Pavinal atropine (TN),partial,P08,,Datura stramonium,داتورة,,,medium,Compound oxycodone and atropine,Pavinal atropine,"['P06', 'P08']","['Atropa belladonna', 'Datura stramonium']","['ست الحسن', 'داتورة']",Unclassified,['Unclassified']
D03876,Morphine and atropine (JP19); Morphine hydrochloride hydrate and atropine sulfate hydrate,partial,P06,,Atropa belladonna,ست الحسن,N02AG01,الجهاز العصبي,medium,Morphine and atropine,Morphine hydrochloride hydrate and atropine sulfate hydrate,"['P06', 'P08', 'P10']","['Atropa belladonna', 'Datura stramonium', 'Papaver somniferum']","['ست الحسن', 'داتورة', 'خشخاش منوم']",N02AG01,['N02AG01']
D03876,Morphine and atropine (JP19); Morphine hydrochloride hydrate and atropine sulfate hydrate,partial,P08,,Datura stramonium,داتورة,N02AG01,الجهاز العصبي,medium,Morphine and atropine,Morphine hydrochloride hydrate and atropine sulfate hydrate,"['P06', 'P08', 'P10']","['Atropa belladonna', 'Datura stramonium', 'Papaver somniferum']","['ست الحسن', 'داتورة', 'خشخاش منوم']",N02AG01,['N02AG01']
D03876,Morphine and atropine (JP19); Morphine hydrochloride hydrate and atropine sulfate hydrate,partial,P10,,Papaver somniferum,خشخاش منوم,N02AG01,الجهاز العصبي,medium,Morphine and atropine,Morphine hydrochloride hydrate and atropine sulfate hydrate,"['P06', 'P08', 'P10']","['Atropa belladonna', 'Datura stramonium', 'Papaver somniferum']","['ست الحسن', 'داتورة', 'خشخاش منوم']",N02AG01,['N02AG01']
D04116,Eucatropine hydrochloride (USP XXXII),partial,P06,,Atropa belladonna,ست الحسن,,,medium,Eucatropine hydrochloride,,"['P06', 'P08']","['Atropa belladonna', 'Datura stramonium']","['ست الحسن', 'داتورة']",Unclassified,['Unclassified']
D04116,Eucatropine hydrochloride (USP XXXII),partial,P08,,Datura stramonium,داتورة,,,medium,Eucatropine hydrochloride,,"['P06', 'P08']","['Atropa belladonna', 'Datura stramonium']","['ست الحسن', 'داتورة']",Unclassified,['Unclassified']
D04313,"Dihydrocodeine phosphate, dl-methylephedrine hydrochloride and Chlorpheniramine maleate; Huscode (TN)",partial,P10,,Papaver somniferum,خشخاش منوم,R06AB54,الجهاز التنفسي,low,"Dihydrocodeine phosphate, dl-methylephedrine hydrochloride and Chlorpheniramine maleate",Huscode,['P10'],['Papaver somniferum'],['خشخاش منوم'],R06AB54,['R06AB54']
D04336,Cherry bark extract and codeine phosphate hydrate; Brocin codeine (TN),partial,P10,,Papaver somniferum,خشخاش منوم,R05FA01,الجهاز التنفسي,medium,Cherry bark extract and codeine phosphate hydrate,Brocin codeine,['P10'],['Papaver somniferum'],['خشخاش منوم'],R05FA01,['R05FA01']
D04338,"Dihydrocodeine phosphate, ephedrine hydrochloride and ammmonium chloride; Sekicode (TN)",partial,P10,,Papaver somniferum,خشخاش منوم,,,low,"Dihydrocodeine phosphate, ephedrine hydrochloride and ammmonium chloride",Sekicode,['P10'],['Papaver somniferum'],['خشخاش منوم'],Unclassified,['Unclassified']
D04479,Hyoscyamine hydrobromide (USP),exact,P06,,Atropa belladonna,ست الحسن,A03BA03,الجهاز الهضمي والأيض,high,Hyoscyamine hydrobromide,,['P06'],['Atropa belladonna'],['ست الحسن'],A03BA03,['A03BA03']
D04849,dl-Menthol (JP19),partial,P13,,Mentha piperita,نعناع فلفلي,,,medium,dl-Menthol,,['P13'],['Mentha piperita'],['نعناع فلفلي'],Unclassified,['Unclassified']
D04850,"Phenol, thymol and dl-menthol",partial,P13,,Mentha piperita,نعناع فلفلي,,,medium,"Phenol, thymol and dl-menthol",,['P13'],['Mentha piperita'],['نعناع فلفلي'],Unclassified,['Unclassified']
D04918,Menthol (USP),exact,P13,,Mentha piperita,نعناع فلفلي,,,high,Menthol,,['P13'],['Mentha piperita'],['نعناع فلفلي'],Unclassified,['Unclassified']
D04987,Monoammonium glycyrrhizinate (JAN); Ammonium glycyrrhizate (NF); Glycyron No.1 (TN),partial,P18,,Glycyrrhiza glabra,عرق سوس,,,medium,Monoammonium glycyrrhizinate,Ammonium glycyrrhizate; Glycyron No.1,['P18'],['Glycyrrhiza glabra'],['عرق سوس'],Unclassified,['Unclassified']
D04990,"Monoammonium glycyrrhizinate, glycine and L-cysteine hydrochloride; Stronger neo minophagen C (TN)",partial,P18,,Glycyrrhiza glabra,عرق سوس,,,medium,"Monoammonium glycyrrhizinate, glycine and L-cysteine hydrochloride",Stronger neo minophagen C,['P18'],['Glycyrrhiza glabra'],['عرق سوس'],Unclassified,['Unclassified']
D04993,"Monoammonium glycyrrhizinate, glycine and DL-methionine; Glycyron (TN)",partial,P18,,Glycyrrhiza glabra,عرق سوس,,,medium,"Monoammonium glycyrrhizinate, glycine and DL-methionine",Glycyron,['P18'],['Glycyrrhiza glabra'],['عرق سوس'],Unclassified,['Unclassified']
D06881,Acetyldigitoxin (INN); Acylanid (TN),partial,P09,,Digitalis lanata,ديجيتال,C01AA01,القلب والأوعية,low,Acetyldigitoxin,Acylanid,['P09'],['Digitalis lanata'],['ديجيتال'],C01AA01,['C01AA01']
D07285,Nicomorphine (INN),partial,P10,,Papaver somniferum,خشخاش منوم,N02AA04,الجهاز العصبي,medium,Nicomorphine,,['P10'],['Papaver somniferum'],['خشخاش منوم'],N02AA04,['N02AA04']
D07286,Diamorphine (BAN); Heroin; Diacetylmorphine,partial,P10,,Papaver somniferum,خشخاش منوم,N07BC06,الجهاز العصبي,medium,Diamorphine,Heroin; Diacetylmorphine,['P10'],['Papaver somniferum'],['خشخاش منوم'],N07BC06,['N07BC06']
D07460,Apomorphine (BAN); Uprima (TN),partial,P10,,Papaver somniferum,خشخاش منوم,G04BE07;N04BC07,الجهاز البولي التناسلي;الجهاز العصبي,medium,Apomorphine,Uprima,['P10'],['Papaver somniferum'],['خشخاش منوم'],G04BE07;N04BC07,"['G04BE07', 'N04BC07']"
D07477,Atropine oxide (INN); Apitropin (TN),partial,P06,,Atropa belladonna,ست الحسن,,,medium,Atropine oxide,Apitropin,"['P06', 'P08']","['Atropa belladonna', 'Datura stramonium']","['ست الحسن', 'داتورة']",Unclassified,['Unclassified']
D07477,Atropine oxide (INN); Apitropin (TN),partial,P08,,Datura stramonium,داتورة,,,medium,Atropine oxide,Apitropin,"['P06', 'P08']","['Atropa belladonna', 'Datura stramonium']","['ست الحسن', 'داتورة']",Unclassified,['Unclassified']
D07511,Benzatropine (INN); Benztropine,partial,P06,,Atropa belladonna,ست الحسن,N04AC01,الجهاز العصبي,medium,Benzatropine,Benztropine,"['P06', 'P08']","['Atropa belladonna', 'Datura stramonium']","['ست الحسن', 'داتورة']",N04AC01,['N04AC01']
D07511,Benzatropine (INN); Benztropine,partial,P08,,Datura stramonium,داتورة,N04AC01,الجهاز العصبي,medium,Benzatropine,Benztropine,"['P06', 'P08']","['Atropa belladonna', 'Datura stramonium']","['ست الحسن', 'داتورة']",N04AC01,['N04AC01']
D07545,Brovincamine (INN); Sarbromin (TN),partial,P02,,Vinca minor,ونكة صغرى,,,medium,Brovincamine,Sarbromin,['P02'],['Vinca minor'],['ونكة صغرى'],Unclassified,['Unclassified']
D07555,Acetyldigoxin; Cedigossima (TN),partial,P09,,Digitalis lanata,ديجيتال,C01AA02,القلب والأوعية,low,Acetyldigoxin,Cedigossima,['P09'],['Digitalis lanata'],['ديجيتال'],C01AA02,['C01AA02']
D07556,beta-Acetyldigoxin; Acetyldigoxin beta isomer; Corotal (TN),partial,P09,,Digitalis lanata,ديجيتال,,,low,beta-Acetyldigoxin,Acetyldigoxin beta isomer; Corotal,['P09'],['Digitalis lanata'],['ديجيتال'],Unclassified,['Unclassified']
D07557,O-Acetyldihydrocodeine hydrochloride; Acetylcodone (TN),partial,P10,,Papaver somniferum,خشخاش منوم,R05DA12,الجهاز التنفسي,low,O-Acetyldihydrocodeine hydrochloride,Acetylcodone,['P10'],['Papaver somniferum'],['خشخاش منوم'],R05DA12,['R05DA12']
D07740,Codeine hydrochloride; Bisoltus (TN),exact,P10,,Papaver somniferum,خشخاش منوم,R05DA04,الجهاز التنفسي,high,Codeine hydrochloride,Bisoltus,['P10'],['Papaver somniferum'],['خشخاش منوم'],R05DA04,['R05DA04']
D07810,Diacetylmorphine hydrochloride; Diamorphine hydrochloride; Heroin hydrochloride,partial,P10,,Papaver somniferum,خشخاش منوم,N07BC06,الجهاز العصبي,medium,Diacetylmorphine hydrochloride,Diamorphine hydrochloride; Heroin hydrochloride,['P10'],['Papaver somniferum'],['خشخاش منوم'],N07BC06,['N07BC06']
D07831,Dihydrocodeine (INN); Remedacen (TN),partial,P10,,Papaver somniferum,خشخاش منوم,N02AA08,الجهاز العصبي,low,Dihydrocodeine,Remedacen,['P10'],['Papaver somniferum'],['خشخاش منوم'],N02AA08,['N02AA08']
D07832,Dihydrocodeine thiocyanate; Paracodin (TN),partial,P10,,Papaver somniferum,خشخاش منوم,N02AA08,الجهاز العصبي,low,Dihydrocodeine thiocyanate,Paracodin,['P10'],['Papaver somniferum'],['خشخاش منوم'],N02AA08,['N02AA08']
D07929,Ethylmorphine (BAN),partial,P10,,Papaver somniferum,خشخاش منوم,R05DA01;S01XA06,الجهاز التنفسي;الحواس,low,Ethylmorphine,,['P10'],['Papaver somniferum'],['خشخاش منوم'],R05DA01;S01XA06,"['R05DA01', 'S01XA06']"
D08233,Morphine (BAN); Substitol (TN),exact,P10,,Papaver somniferum,خشخاش منوم,N02AA01,الجهاز العصبي,high,Morphine,Substitol,['P10'],['Papaver somniferum'],['خشخاش منوم'],N02AA01,['N02AA01']
D08234,Morphine tartrate,exact,P10,,Papaver somniferum,خشخاش منوم,N02AA01,الجهاز العصبي,high,Morphine tartrate,,['P10'],['Papaver somniferum'],['خشخاش منوم'],N02AA01,['N02AA01']
D08273,Nicomorphine hydrochloride; Vilan (TN),partial,P10,,Papaver somniferum,خشخاش منوم,N02AA04,الجهاز العصبي,medium,Nicomorphine hydrochloride,Vilan,['P10'],['Papaver somniferum'],['خشخاش منوم'],N02AA04,['N02AA04']
D08675,Vinblastine (INN),exact,P01,,Catharanthus roseus,ونكة مدغشقرية,L01CA01,الأورام والمناعة,high,Vinblastine,,['P01'],['Catharanthus roseus'],['ونكة مدغشقرية'],L01CA01,['L01CA01']
D08677,Vincamine (INN); Cetal retard (TN),exact,P02,,Vinca minor,ونكة صغرى,C04AX07,القلب والأوعية,high,Vincamine,Cetal retard,['P02'],['Vinca minor'],['ونكة صغرى'],C04AX07,['C04AX07']
D08678,Vincamine hydrochloride; Vadicate (TN),exact,P02,,Vinca minor,ونكة صغرى,C04AX07,القلب والأوعية,high,Vincamine hydrochloride,Vadicate,['P02'],['Vinca minor'],['ونكة صغرى'],C04AX07,['C04AX07']
D08679,Vincristine (INN); Tecnocris (TN),exact,P01,,Catharanthus roseus,ونكة مدغشقرية,L01CA02,الأورام والمناعة,high,Vincristine,Tecnocris,['P01'],['Catharanthus roseus'],['ونكة مدغشقرية'],L01CA02,['L01CA02']
D08695,"dl-Methylephedrine hydrochloride, dihydrocodeine phosphate, diprophylline, diphenhydramine salicylate, acetaminophen and bromovalerylurea; Coughcode N (TN)",partial,P10,,Papaver somniferum,خشخاش منوم,N02AA58,الجهاز العصبي,low,"dl-Methylephedrine hydrochloride, dihydrocodeine phosphate, diprophylline, diphenhydramine salicylate, acetaminophen and bromovalerylurea",Coughcode N,['P10'],['Papaver somniferum'],['خشخاش منوم'],N02AA58,['N02AA58']
D08697,"Platycodon fluidextract, glycyrrhiza extract, plantago herb extract, peony root extract and dihydrocodeine phosphate; Opisezol codeine (TN)",partial,P10,,Papaver somniferum,خشخاش منوم,,,low,"Platycodon fluidextract, glycyrrhiza extract, plantago herb extract, peony root extract and dihydrocodeine phosphate",Opisezol codeine,['P10'],['Papaver somniferum'],['خشخاش منوم'],Unclassified,['Unclassified']
D08706,"l-Menthol, cinnamon bark, gentian, zanthoxylum fruit, ginger and sodium bicarbonate; Biasan (TN)",partial,P13,,Mentha piperita,نعناع فلفلي,,,medium,"l-Menthol, cinnamon bark, gentian, zanthoxylum fruit, ginger and sodium bicarbonate",Biasan,['P13'],['Mentha piperita'],['نعناع فلفلي'],Unclassified,['Unclassified']
D08707,"l-Menthol, gentian, scopolia extract powder and sodium bicarbonate; Bellsan (TN)",partial,P13,,Mentha piperita,نعناع فلفلي,,,medium,"l-Menthol, gentian, scopolia extract powder and sodium bicarbonate",Bellsan,['P13'],['Mentha piperita'],['نعناع فلفلي'],Unclassified,['Unclassified']
D08715,"dl-Camphor, dl-menthol, methyl salicylate and diphenhydramine; Salymetick S (TN)",partial,P13,,Mentha piperita,نعناع فلفلي,,,low,"dl-Camphor, dl-menthol, methyl salicylate and diphenhydramine",Salymetick S,['P13'],['Mentha piperita'],['نعناع فلفلي'],Unclassified,['Unclassified']
D08716,"dl-Camphor, l-menthol, glycyrrhetinic acid and methyl salicylate; Stick zenol A (TN)",partial,P13,,Mentha piperita,نعناع فلفلي,,,low,"dl-Camphor, l-menthol, glycyrrhetinic acid and methyl salicylate",Stick zenol A,['P13'],['Mentha piperita'],['نعناع فلفلي'],Unclassified,['Unclassified']
D08717,"dl-Camphor, l-menthol, glycol salicylate, methyl salicylate, diphenhydramine and benzyl nicotinate; Hiship (TN)",partial,P13,,Mentha piperita,نعناع فلفلي,,,low,"dl-Camphor, l-menthol, glycol salicylate, methyl salicylate, diphenhydramine and benzyl nicotinate",Hiship,['P13'],['Mentha piperita'],['نعناع فلفلي'],Unclassified,['Unclassified']
D08718,"dl-Camphor, l-menthol and methyl salicylate; Mirusart (TN)",partial,P13,,Mentha piperita,نعناع فلفلي,,,low,"dl-Camphor, l-menthol and methyl salicylate",Mirusart,['P13'],['Mentha piperita'],['نعناع فلفلي'],Unclassified,['Unclassified']
D08719,"dl-Camphor, l-menthol, methyl salicylate, diphenhydramine, nonanoic acid vanillylamide and mentha oil; Halihot (TN)",partial,P13,,Mentha piperita,نعناع فلفلي,,,low,"dl-Camphor, l-menthol, methyl salicylate, diphenhydramine, nonanoic acid vanillylamide and mentha oil",Halihot,['P13'],['Mentha piperita'],['نعناع فلفلي'],Unclassified,['Unclassified']
D08720,"dl-Camphor, l-menthol, methyl salicylate and diphenhydramine hydrochloride; Pastellhap (TN)",partial,P13,,Mentha piperita,نعناع فلفلي,,,low,"dl-Camphor, l-menthol, methyl salicylate and diphenhydramine hydrochloride",Pastellhap,['P13'],['Mentha piperita'],['نعناع فلفلي'],Unclassified,['Unclassified']
D08721,"dl-Camphor, l-menthol, methyl salicylate, thymol and mentha oil; Kyupap M (TN)",partial,P13,,Mentha piperita,نعناع فلفلي,,,low,"dl-Camphor, l-menthol, methyl salicylate, thymol and mentha oil",Kyupap M,['P13'],['Mentha piperita'],['نعناع فلفلي'],Unclassified,['Unclassified']
D08722,"dl-Camphor, l-menthol, methyl salicylate and mentha oil; Asmoroll (TN)",partial,P13,,Mentha piperita,نعناع فلفلي,,,low,"dl-Camphor, l-menthol, methyl salicylate and mentha oil",Asmoroll,['P13'],['Mentha piperita'],['نعناع فلفلي'],Unclassified,['Unclassified']
D08728,l-Menthol and glycol salicylate; ES plasta (TN),partial,P13,,Mentha piperita,نعناع فلفلي,,,medium,l-Menthol and glycol salicylate,ES plasta,['P13'],['Mentha piperita'],['نعناع فلفلي'],Unclassified,['Unclassified']
D09186,Neostigmine methylsulfate and atropine sulfate; Atvagoreverse (TN),partial,P06,,Atropa belladonna,ست الحسن,N07AA51,الجهاز العصبي,low,Neostigmine methylsulfate and atropine sulfate,Atvagoreverse,"['P06', 'P08']","['Atropa belladonna', 'Datura stramonium']","['ست الحسن', 'داتورة']",N07AA51,['N07AA51']
D09186,Neostigmine methylsulfate and atropine sulfate; Atvagoreverse (TN),partial,P08,,Datura stramonium,داتورة,N07AA51,الجهاز العصبي,low,Neostigmine methylsulfate and atropine sulfate,Atvagoreverse,"['P06', 'P08']","['Atropa belladonna', 'Datura stramonium']","['ست الحسن', 'داتورة']",N07AA51,['N07AA51']
D09847,Metildigoxin (INN); Medigoxin (BAN),partial,P09,,Digitalis lanata,ديجيتال,C01AA08,القلب والأوعية,medium,Metildigoxin,Medigoxin,['P09'],['Digitalis lanata'],['ديجيتال'],C01AA08,['C01AA08']
D10449,Ibuprofen and scopolamine butylbromide,partial,P07,,Hyoscyamus muticus,سكران مصري,A03DB04,الجهاز الهضمي والأيض,medium,Ibuprofen and scopolamine butylbromide,,"['P07', 'P08']","['Hyoscyamus muticus', 'Datura stramonium']","['سكران مصري', 'داتورة']",A03DB04,['A03DB04']
D10449,Ibuprofen and scopolamine butylbromide,partial,P08,,Datura stramonium,داتورة,A03DB04,الجهاز الهضمي والأيض,medium,Ibuprofen and scopolamine butylbromide,,"['P07', 'P08']","['Hyoscyamus muticus', 'Datura stramonium']","['سكران مصري', 'داتورة']",A03DB04,['A03DB04']
D11076,Homatropine meylbromide and hydrocodone; Tussigon (TN),partial,P06,,Atropa belladonna,ست الحسن,,,medium,Homatropine meylbromide and hydrocodone,Tussigon,"['P06', 'P08']","['Atropa belladonna', 'Datura stramonium']","['ست الحسن', 'داتورة']",Unclassified,['Unclassified']
D11076,Homatropine meylbromide and hydrocodone; Tussigon (TN),partial,P08,,Datura stramonium,داتورة,,,medium,Homatropine meylbromide and hydrocodone,Tussigon,"['P06', 'P08']","['Atropa belladonna', 'Datura stramonium']","['ست الحسن', 'داتورة']",Unclassified,['Unclassified']
D11587,"Carisoprodol, aspirin and codeine phosphate",partial,P10,,Papaver somniferum,خشخاش منوم,,,medium,"Carisoprodol, aspirin and codeine phosphate",,['P10'],['Papaver somniferum'],['خشخاش منوم'],Unclassified,['Unclassified']
D11670,Morphine sulfate and naltrexone hydrochloride; Embeda (TN),partial,P10,,Papaver somniferum,خشخاش منوم,,,medium,Morphine sulfate and naltrexone hydrochloride,Embeda,['P10'],['Papaver somniferum'],['خشخاش منوم'],Unclassified,['Unclassified']
D11851,"Butalbital, acetaminophen, caffeine and codeine phosphate",partial,P10,,Papaver somniferum,خشخاش منوم,,,medium,"Butalbital, acetaminophen, caffeine and codeine phosphate",,['P10'],['Papaver somniferum'],['خشخاش منوم'],Unclassified,['Unclassified']
D11852,Codeine and promethazine,partial,P10,,Papaver somniferum,خشخاش منوم,,,medium,Codeine and promethazine,,['P10'],['Papaver somniferum'],['خشخاش منوم'],Unclassified,['Unclassified']
D11860,"Butalbital, aspirin, caffeine and codeine; Fiorinal with codeine (TN)",partial,P10,,Papaver somniferum,خشخاش منوم,,,medium,"Butalbital, aspirin, caffeine and codeine",Fiorinal with codeine,['P10'],['Papaver somniferum'],['خشخاش منوم'],Unclassified,['Unclassified']
D12138,"Promethazine hydrochloride, phenylephrine hydrochloride and codeine phosphate; Phenergan vc w/ codeine (TN); Pherazine vc w/ codeine (TN); Prometh vc w/ codeine (TN)",partial,P10,,Papaver somniferum,خشخاش منوم,S01GA55,الحواس,medium,"Promethazine hydrochloride, phenylephrine hydrochloride and codeine phosphate",Phenergan vc w/ codeine; Pherazine vc w/ codeine; Prometh vc w/ codeine,['P10'],['Papaver somniferum'],['خشخاش منوم'],S01GA55,['S01GA55']
D12295,"Acetaminophen, caffeine and dihydrocodeine bitartrate; Trezix (TN)",partial,P10,,Papaver somniferum,خشخاش منوم,,,low,"Acetaminophen, caffeine and dihydrocodeine bitartrate",Trezix,['P10'],['Papaver somniferum'],['خشخاش منوم'],Unclassified,['Unclassified']
D12312,Codeine phosphate and chlorpheniramine maleate; Tuxarin (TN),partial,P10,,Papaver somniferum,خشخاش منوم,R05DA20,الجهاز التنفسي,medium,Codeine phosphate and chlorpheniramine maleate,Tuxarin,['P10'],['Papaver somniferum'],['خشخاش منوم'],R05DA20,['R05DA20']
D12313,Chlorpheniramine polistirex and codeine polistirex; Tuzistra (TN),partial,P10,,Papaver somniferum,خشخاش منوم,R06AB54,الجهاز التنفسي,low,Chlorpheniramine polistirex and codeine polistirex,Tuzistra,['P10'],['Papaver somniferum'],['خشخاش منوم'],R06AB54,['R06AB54']
D12670,Desomorphine (INN),partial,P10,,Papaver somniferum,خشخاش منوم,,,low,Desomorphine,,['P10'],['Papaver somniferum'],['خشخاش منوم'],Unclassified,['Unclassified']
D12689,Methyldihydromorphine (INN),partial,P10,,Papaver somniferum,خشخاش منوم,,,low,Methyldihydromorphine,,['P10'],['Papaver somniferum'],['خشخاش منوم'],Unclassified,['Unclassified']
D12759,Atropine and pralidoxime chloride; Atnaa (TN); Duodote (TN),partial,P06,,Atropa belladonna,ست الحسن,V03AB54,متنوع,medium,Atropine and pralidoxime chloride,Atnaa; Duodote,"['P06', 'P08']","['Atropa belladonna', 'Datura stramonium']","['ست الحسن', 'داتورة']",V03AB54,['V03AB54']
D12759,Atropine and pralidoxime chloride; Atnaa (TN); Duodote (TN),partial,P08,,Datura stramonium,داتورة,V03AB54,متنوع,medium,Atropine and pralidoxime chloride,Atnaa; Duodote,"['P06', 'P08']","['Atropa belladonna', 'Datura stramonium']","['ست الحسن', 'داتورة']",V03AB54,['V03AB54']
D08735,Visnadine (INN),curated,P04,,Ammi visnaga,خلة بلدي,,,high,Visnadine,,['P04'],['Ammi visnaga'],['خلة بلدي'],Unclassified,['Unclassified']
D08515,Silibinin (INN); Silymarin I; Legalon (TN),curated,P03,,Silybum marianum,شوك الجمل / خرفيش,,,high,Silibinin,Silymarin I; Legalon,['P03'],['Silybum marianum'],['شوك الجمل / خرفيش'],Unclassified,['Unclassified']
D09135,Fenugreek seed,curated,P15,,Trigonella foenum-graecum,حلبة,,,high,Fenugreek seed,,['P15'],['Trigonella foenum-graecum'],['حلبة'],Unclassified,['Unclassified']
D06462,Castor oil (JP19/USP),curated,P19,,Ricinus communis,خروع,,,high,Castor oil,,['P19'],['Ricinus communis'],['خروع'],Unclassified,['Unclassified']
D03418,Aromatic castor oil (JP19),curated,P19,,Ricinus communis,خروع,,,medium,Aromatic castor oil,,['P19'],['Ricinus communis'],['خروع'],Unclassified,['Unclassified']
